<keymap version="1" name="MacOSesqe" parent="Default for GNOME">
  <action id="$Undo">
    <keyboard-shortcut first-keystroke="ctrl z" />
  </action>
  <action id="ActivateBookmarksToolWindow" />
  <action id="ActivateCommitToolWindow" />
  <action id="ActivateDebugToolWindow">
    <keyboard-shortcut first-keystroke="alt 3" />
  </action>
  <action id="ActivateFindToolWindow">
    <keyboard-shortcut first-keystroke="alt 2" />
  </action>
  <action id="ActivateProblemsViewToolWindow" />
  <action id="ActivateServicesToolWindow" />
  <action id="ActivateStructureToolWindow" />
  <action id="ActivateTerminalToolWindow">
    <keyboard-shortcut first-keystroke="alt 5" />
  </action>
  <action id="ActivateVersionControlToolWindow" />
  <action id="Back">
    <keyboard-shortcut first-keystroke="alt open_bracket" />
  </action>
  <action id="ChooseDebugConfiguration">
    <keyboard-shortcut first-keystroke="shift alt d" />
  </action>
  <action id="ChooseRunConfiguration">
    <keyboard-shortcut first-keystroke="shift alt r" />
  </action>
  <action id="CloseContent">
    <keyboard-shortcut first-keystroke="alt w" />
  </action>
  <action id="CompareTwoFiles" />
  <action id="Debug" />
  <action id="Diff.ApplyLeftSide" />
  <action id="Diff.NextChange" />
  <action id="Diff.PrevChange" />
  <action id="Diff.ShowDiff" />
  <action id="Diff.ShowSettingsPopup" />
  <action id="EditorAddCaretPerSelectedLine" />
  <action id="EditorAddOrRemoveCaret">
    <mouse-shortcut keystroke="shift alt button1" />
  </action>
  <action id="EditorCloneCaretAbove">
    <keyboard-shortcut first-keystroke="shift alt up" />
  </action>
  <action id="EditorCloneCaretBelow">
    <keyboard-shortcut first-keystroke="shift alt down" />
  </action>
  <action id="EditorCreateRectangularSelectionOnMouseDrag">
    <mouse-shortcut keystroke="button2" />
  </action>
  <action id="EditorDeleteLine">
    <keyboard-shortcut first-keystroke="alt d" />
  </action>
  <action id="EditorDeleteToLineEnd">
    <keyboard-shortcut first-keystroke="alt delete" />
  </action>
  <action id="EditorDeleteToLineStart">
    <keyboard-shortcut first-keystroke="alt back_space" />
  </action>
  <action id="EditorDuplicate" />
  <action id="EditorLineEnd">
    <keyboard-shortcut first-keystroke="alt right" />
  </action>
  <action id="EditorLineEndWithSelection">
    <keyboard-shortcut first-keystroke="shift alt right" />
  </action>
  <action id="EditorLineStart">
    <keyboard-shortcut first-keystroke="alt left" />
  </action>
  <action id="EditorLineStartWithSelection">
    <keyboard-shortcut first-keystroke="shift alt left" />
  </action>
  <action id="EditorMatchBrace">
    <keyboard-shortcut first-keystroke="shift alt 5" />
  </action>
  <action id="ExportToTextFile" />
  <action id="FileChooser.GotoDesktop" />
  <action id="FileStructurePopup">
    <keyboard-shortcut first-keystroke="alt o" />
  </action>
  <action id="Find">
    <keyboard-shortcut first-keystroke="shift alt 3" />
    <keyboard-shortcut first-keystroke="alt f" />
  </action>
  <action id="FindUsages">
    <keyboard-shortcut first-keystroke="shift alt g" />
  </action>
  <action id="Forward">
    <keyboard-shortcut first-keystroke="alt close_bracket" />
  </action>
  <action id="Generate">
    <keyboard-shortcut first-keystroke="alt n" />
  </action>
  <action id="GotoBookmark5" />
  <action id="GotoClass">
    <keyboard-shortcut first-keystroke="alt c" />
  </action>
  <action id="MoveStatementDown" />
  <action id="MoveStatementUp" />
  <action id="NextEditorTab" />
  <action id="NextOccurence" />
  <action id="NextTab" />
  <action id="PreviousEditorTab" />
  <action id="PreviousOccurence" />
  <action id="PreviousTab" />
  <action id="QuickList.Goto ...">
    <mouse-shortcut keystroke="alt button1" />
  </action>
  <action id="RecentFiles">
    <keyboard-shortcut first-keystroke="alt e" />
  </action>
  <action id="Refactorings.QuickListPopupAction">
    <keyboard-shortcut first-keystroke="ctrl alt r" />
  </action>
  <action id="Replace">
    <keyboard-shortcut first-keystroke="alt r" />
  </action>
  <action id="ReplaceInPath" />
  <action id="RerunTests" />
  <action id="Run" />
  <action id="RunDashboard.CopyConfiguration" />
  <action id="SafeDelete" />
  <action id="SaveAll">
    <keyboard-shortcut first-keystroke="shift alt s" />
  </action>
  <action id="SendEOF" />
  <action id="ShowSettings">
    <keyboard-shortcut first-keystroke="alt comma" />
  </action>
  <action id="ViewBreakpoints">
    <keyboard-shortcut first-keystroke="shift alt b" />
  </action>
  <action id="XDebugger.CopyWatch" />
  <action id="context.save" />
  <action id="hg4idea.QFold" />
  <action id="hg4idea.QGotoFromPatches" />
  <action id="tasks.open.in.browser" />
</keymap>